USERNAME,ID
AALVARADO,emplo000000000007254
DALVIDREZ,emplo000000000007266
AAMADOR,emplo000000000007264
LARAGON,emplo000000000007253
MAVALOS,emplo000000000007215
ABALDERRAMA,emplo000000000007384
GCASTAÃ‘EDA,Not Existing USERNAME
ACHAVEZ,emplo000000000007317
MCHAVIRA,emplo000000000007146
AFONSECA,emplo000000000007397
AGONZALEZ,emplo000000000007152
MAGONZALEZ,emplo000000000007165
DLIZCANO,emplo000000000007298
ALOPEZ,Not Existing USERNAME
KLUJAN,emplo000000000007155
GMADRID,emplo000000000007162
FMEDINA,emplo000000000007233
JMEZA,emplo000000000007092
JMIRANDA,emplo000000000007213
SMORENO,emplo000000000007303
ANMUNOZ,emplo000000000007235
COLIVAS,Not Existing USERNAME
DOLVERA,emplo000000000007293
JRIOS,emplo000000000003364
NRIVERA,emplo000000000007170
IROJAS,emplo000000000007180
SMORALES,emplo000000000007388
MTALAMANTES,emplo000000000007148
FURIAS,emplo000000000007159
IVILLA,emplo000000000007392
VALVARADO,emplo000000000007390
SBACA,Not Existing USERNAME
ABARBA,emplo000000000007234
ACANO,Not Existing USERNAME
DCARBAJAL,Not Existing USERNAME
NCARO,Not Existing USERNAME
FCASTILLO,emplo000000000007122
ECAZARES,emplo000000000007147
FDELATORRE,emplo000000000007324
EFRAIRE,emplo000000000007243
LGONZALEZ,emplo000000000007240
FHERNANDEZ,emplo000000000007103
CALOPEZ,Not Existing USERNAME
CLOPEZ,emplo000000000007187
LEVIMEDINA,emplo000000000007099
VMEDINA,emplo000000000007033
RMEDINA,emplo000000000007322
JAMEZA,Not Existing USERNAME
RMORALES,Not Existing USERNAME
DMORENO,emplo000000000007106
GMORIEL,emplo000000000007193
AOLIVAS,emplo000000000007109
HPACHECO,emplo000000000007183
VPERALTA,emplo000000000007118
VRUBIO,emplo000000000007114
ARUVALCABA,emplo000000000007132
LSANCHEZ,emplo000000000007124
ASANDOVAL,emplo000000000007218
DSAUCEDO,emplo000000000007197
ISILVA,emplo000000000007382
MBAZALDUA,emplo000000000007156
CVALLES,emplo000000000007265
